Fleet,Functional Location,Equipment Model,Unit,Approx. Replacement Cost,Column1
Excavator - Large,6042.10.02.21-EX003,Excavator Hitachi EX2500-6 ,G3607," $6,900,000.00 ",true
Excavator - Large,6042.10.02.21-EX004,Excavator Hitachi EX2500-6 ,G3608," $6,900,000.00 ",true
Excavator - Large,6042.10.02.21-EX006,Excavator Hitachi EX2500-6 ,G3611," $6,900,000.00 ",true
Excavator - Large H1200,6042.10.02.21-EX012,Excavator Hitachi EX1200-6 ,G3519," $5,000,000.00 ",true
Excavator - Large H2600,6042.10.02.21-EX021,Excavator Hitachi EX2600-6 ,G3612," $6,900,000.00 ",true
D11R Dozers,6042.10.02.52-DZ006,Dozer Track Caterpillar D11R AAF ,G4709," $3,500,000.00 ",true
D11R Dozers,6042.10.02.52-DZ007,Dozer Track Caterpillar D11R 7PZ ,G4710," $3,500,000.00 ",true
D11R Dozers,6042.10.02.52-DZ008,Dozer Track Caterpillar D11R AAF ,G4711," $5,177,411.00 ",true
D11R Dozers,6042.10.02.52-DZ010,Dozer Track Caterpillar D11R AAF ,G4713," $5,177,411.00 ",true
D11R Dozers,6042.10.02.52-DZ011,Dozer Track Caterpillar D11R 7PZ ,G4714," $5,177,411.00 ",true
D11 Dozers,6042.10.02.52-DZ012,Dozer Track Caterpillar D11T GEB ,G4715," $5,177,411.00 ",true
D11 Dozers,6042.10.02.52-DZ013,Dozer Track Caterpillar D11T GEB ,G4716," $5,177,411.00 ",true
D11 Dozers,6042.10.02.52-DZ014,Dozer Track Caterpillar D11T TPB ,G4717," $5,177,411.00 ",true
D11 Dozers,6042.10.02.52-DZ015,Dozer Track Caterpillar D11T TPB ,G4718," $5,177,411.00 ",true
D11 Dozers,6042.10.02.52-DZ016,Dozer Track Caterpillar D11T TPB ,G4719," $5,177,411.00 ",true
D11 Dozers,6042.10.02.52-DZ017,Dozer Track Caterpillar D11T AMA ,G4720," $5,177,411.00 ",true
D11 Dozers,6042.10.02.52-DZ018,Dozer Track Caterpillar D11T AMA ,G4721," $5,177,411.00 ",true
D11 Dozers,6042.10.02.52-DZ022,Dozer Track Caterpillar D11T GEB ,G4722," $5,177,411.00 ",true
D11 Dozers,6042.10.02.52-DZ023,Dozer Track Caterpillar D11T GEB ,G4723," $5,177,411.00 ",true
D11 Dozers,6042.10.02.52-DZ024,Dozer Track Caterpillar D11T AMA ,G4724," $5,177,411.00 ",true
D11 Dozers,6042.10.02.52-DZ025,Dozer Track Caterpillar D11T AMA ,G4725," $5,177,411.00 ",true
D11 Dozers,6042.10.02.52-DZ026,Dozer Track Caterpillar D11T AMA ,G4726," $5,177,411.00 ",true
D11 Dozers,6042.10.02.52-DZ027,Dozer Track Caterpillar D11T AMA ,G4727," $5,177,411.00 ",true
D11 Dozers,6042.10.02.52-DZ028,Dozer Track Caterpillar D11T AMA ,G4728," $5,177,411.00 ",true
D11 Dozers,6042.10.02.52-DZ029,Dozer Track Caterpillar D11T AMA ,G4729," $5,177,411.00 ",true
D10 Dozers,6042.10.02.52-DZ004,Dozer Track Caterpillar D10T RJG ,G4558," $3,200,000.00 ",true
D10 Dozers,6042.10.02.52-DZ005,Dozer Track Caterpillar D10T RJG ,G4559," $3,200,000.00 ",true
D10 Dozers,6042.10.02.52-DZ020,Dozer Track Caterpillar D10T RJG ,G4561," $3,200,000.00 ",true
992 Loaders,6042.10.03.31-LD001,Loader Caterpillar 992G ,G3018," $3,500,000.00 ",true
992 Loaders,6042.10.03.31-LD002,Loader Caterpillar 992G ,G3019," $3,500,000.00 ",true
992 Loaders,6042.10.03.31-LD003,Loader Caterpillar 992G ,G3020," $3,500,000.00 ",true
993 Loaders,6042.10.03.31-LD004,Loader Caterpillar 993K ,G3021," $4,250,000.00 ",true
993 Loaders,6042.10.03.31-LD005,Loader Caterpillar 993K ,G3022," $4,250,000.00 ",true
777F Haul Trucks,6042.10.04.72-TK001,Truck Haul Caterpillar 777F ,G2711," $3,000,000.00 ",true
777F Haul Trucks,6042.10.04.72-TK002,Truck Haul Caterpillar 777F ,G2712," $3,000,000.00 ",true
777F Haul Trucks,6042.10.04.72-TK003,Truck Haul Caterpillar 777F ,G2713," $3,000,000.00 ",true
777F Haul Trucks,6042.10.04.72-TK004,Truck Haul Caterpillar 777F ,G2714," $3,000,000.00 ",true
777F Haul Trucks,6042.10.04.72-TK005,Truck Haul Caterpillar 777F ,G2715," $3,000,000.00 ",true
777F Haul Trucks,6042.10.04.72-TK006,Truck Haul Caterpillar 777F ,G2716," $3,000,000.00 ",true
777F Haul Trucks,6042.10.04.72-TK007,Truck Haul Caterpillar 777F ,G2717," $3,000,000.00 ",true
777F Haul Trucks,6042.10.04.72-TK008,Truck Haul Caterpillar 777F ,G2718," $3,000,000.00 ",true
777F Haul Trucks,6042.10.04.72-TK009,Truck Haul Caterpillar 777F ,G2719," $3,000,000.00 ",true
777F Haul Trucks,6042.10.04.72-TK010,Truck Haul Caterpillar 777F ,G2720," $3,000,000.00 ",true
777F Haul Trucks,6042.10.04.72-TK011,Truck Haul Caterpillar 777F ,G2721," $3,000,000.00 ",#N/A
777F Haul Trucks,6042.10.04.72-TK012,Truck Haul Caterpillar 777F ,G2722," $3,000,000.00 ",true
777F Haul Trucks,6042.10.04.72-TK013,Truck Haul Caterpillar 777F ,G2725," $3,000,000.00 ",true
777F Haul Trucks,6042.10.04.72-TK014,Truck Haul Caterpillar 777F ,G2726," $3,000,000.00 ",true
777F Haul Trucks,6042.10.04.72-TK015,Truck Haul Caterpillar 777F ,G2727," $3,000,000.00 ",true
777F Haul Trucks,6042.10.04.72-TK016,Truck Haul Caterpillar 777F ,G2728," $3,000,000.00 ",true
777F Haul Trucks,6042.10.04.72-TK017,Truck Haul Caterpillar 777F ,G2729," $3,000,000.00 ",true
777F Haul Trucks,6042.10.04.72-TK018,Truck Haul Caterpillar 777F ,G2730," $3,000,000.00 ",true
777F Haul Trucks,6042.10.04.72-TK019,Truck Haul Caterpillar 777F ,G2731," $3,000,000.00 ",true
777F Haul Trucks,6042.10.04.72-TK020,Truck Haul Caterpillar 777F ,G2732," $3,000,000.00 ",true
777F Haul Trucks,6042.10.04.72-TK022,Truck Haul Caterpillar 777F ,G2734," $3,000,000.00 ",true
777F Haul Trucks,6042.10.04.72-TK023,Truck Haul Caterpillar 777F ,G2735," $3,000,000.00 ",true
777F Haul Trucks,6042.10.04.72-TK025,Truck Haul Caterpillar 777F ,G2737," $3,000,000.00 ",true
777F Haul Trucks,6042.10.04.72-TK026,Truck Haul Caterpillar 777F ,G2738," $3,000,000.00 ",true
777F Haul Trucks,6042.10.04.72-TK028,Truck Haul Caterpillar 777F ,G2740," $3,000,000.00 ",true
777F Haul Trucks,6042.10.04.72-TK029,Truck Haul Caterpillar 777F ,G2741," $3,000,000.00 ",true
777F Water Trucks,6042.10.04.74-TK001,Truck Water Caterpillar 777F ,G6317," $3,000,000.00 ",true
777F Water Trucks,6042.10.04.74-TK002,Truck Water Caterpillar 777F ,G6318," $3,000,000.00 ",true
777F Water Trucks,6042.10.04.74-TK003,Truck Water Caterpillar 777F ,G6319," $3,000,000.00 ",true
Floats,6042.10.04.73-TK002,Truck Float Prime Mover 785B ,G2531," $3,800,000.00 ",true
Graders,6042.10.02.61-GR001,Grader Caterpillar 16M ,G5008," $1,600,000.00 ",true
Graders,6042.10.02.61-GR002,Grader Caterpillar 16M ,G5009," $1,600,000.00 ",true
Graders,6042.10.02.61-GR004,Grader Caterpillar 16M ,G5010," $1,600,000.00 ",true
Graders,6042.10.02.61-GR005,Grader Caterpillar 16M ,G5011," $1,600,000.00 ",true
Graders,6042.10.02.61-GR006,Grader Caterpillar 18M3 ,G5012," $2,000,000.00 ",true
Support Dozers,6042.10.02.52-DZ001,Dozer Track Caterpillar D7R BRM ,G4006," $850,000.00 ",true
Scrub Dozer,6042.10.02.53-DZ001,Dozer Wheeled Caterpillar 824H ASX ,G4007," $500,000.00 ",true
Scrub Dozer,6042.10.02.52-DZ019,Dozer Track Caterpillar D10T RJG ,G4560," $3,200,000.00 ",true
Drills,6042.10.01.11-DR003,Drill Sandvik DP1500i ,G8026," $800,000.00 ",true
Drills,6042.10.01.11-DR005,Drill Sandvik DP1500i ,G8028," $800,000.00 ",true
Road Trains,6044.10.01.01-TK009,Truck Kenworth C509 Prime Mover ,G2570," $850,000.00 ",true
Road Trains,6044.10.01.01-TK010,Truck Kenworth C509 Prime Mover ,G2571," $850,000.00 ",true
Road Trains,6044.10.01.01-TK011,Truck Kenworth C509 Prime Mover ,G2572," $850,000.00 ",true
Road Trains,6044.10.01.01-TK012,Truck Kenworth C509 Prime Mover ,G2573," $850,000.00 ",true
Road Trains,6044.10.01.01-TK013,Truck Kenworth C509 Prime Mover ,G2574," $850,000.00 ",true
Road Trains,6044.10.01.01-TK014,Truck Kenworth C509 Prime Mover ,G2575," $850,000.00 ",true
Road Trains,6044.10.01.01-TK015,Truck Kenworth C509 Prime Mover ,G2576," $850,000.00 ",true
Road Trains,6044.10.01.01-TK016,Truck Kenworth C509 Prime Mover ,G2577," $850,000.00 ",true
Support - Trailer Product,6044.10.01.01-TR001,Trailer Tristar Bottom Dump ,G9593," $340,000.00 ",true
Support - Trailer Product,6044.10.01.01-TR002,Trailer Tristar Bottom Dump ,G9594," $340,000.00 ",#N/A
Support - Trailer Product,6044.10.01.01-TR003,Trailer Tristar Bottom Dump ,G9595," $340,000.00 ",#N/A
Support - Trailer Product,6044.10.01.01-TR004,Trailer Tristar Bottom Dump ,G9596," $340,000.00 ",#N/A
Support - Trailer Product,6044.10.01.01-TR005,Trailer Smith Bottom Dump ,G9597," $340,000.00 ",#N/A
Support - Trailer Product,6044.10.01.01-TR006,Trailer Smith Bottom Dump ,G9598," $340,000.00 ",#N/A
Support - Trailer Product,6044.10.01.01-TR007,Trailer Smith Bottom Dump ,G9599," $340,000.00 ",#N/A
Support - Trailer Product,6044.10.01.01-TR008,Trailer Smith Bottom Dump ,G9600," $340,000.00 ",#N/A
Support - Trailer Product,6044.10.01.01-TR012,Trailer Smith Bottom Dump ,G9604," $340,000.00 ",#N/A
Support - Trailer Product,6044.10.01.01-TR019,Trailer Smith Bottom Dump ,G9612," $340,000.00 ",#N/A
Support - Trailer Product,6044.10.01.01-TR022,Trailer Smith Rear Bottom Dump ,G9615," $340,000.00 ",true
Support - Trailer Product,6044.10.01.01-TR023,Trailer Smith Rear Bottom Dump ,G9616," $340,000.00 ",true
Support - Trailer Product,6044.10.01.01-TR024,Trailer Smith Rear Bottom Dump ,G9617," $340,000.00 ",#N/A
Support - Trailer Product,6044.10.01.01-TR040,Trailer Tristar Bottom Dump ,G9633," $340,000.00 ",true
Support - Trailer Product,6044.10.01.01-TR041,Trailer Tristar Bottom Dump ,G9634," $340,000.00 ",true
Support - Trailer Product,6044.10.01.01-TR042,Trailer Tristar Bottom Dump ,G9635," $340,000.00 ",true
Support - Trailer Product,6044.10.01.01-TR043,Trailer Tristar Bottom Dump ,G9636," $340,000.00 ",true
Support - Trailer Product,6044.10.01.01-TR044,Trailer Tristar Bottom Dump ,G9637," $340,000.00 ",true
Support - Trailer Product,6044.10.01.01-TR045,Trailer Tristar Bottom Dump ,G9638," $340,000.00 ",true
Support - Trailer Product,6044.10.01.01-TR046,Trailer Tristar Bottom Dump ,G9639," $340,000.00 ",true
Support - Trailer Product,6044.10.01.01-TR047,Trailer Tristar Bottom Dump ,G9640," $340,000.00 ",true
Support - Trailer Product,6044.10.01.01-TR048,Trailer Tristar Bottom Dump ,G9641," $340,000.00 ",true
Support - Trailer Product,6044.10.01.01-TR049,Trailer Tristar Bottom Dump ,G9642," $340,000.00 ",true
Support - Trailer Product,6044.10.01.01-TR050,Trailer Tristar Bottom Dump ,G9643," $340,000.00 ",true
Support - Trailer Product,6044.10.01.01-TR051,Trailer Tristar Bottom Dump ,G9644," $340,000.00 ",true
Support - Trailer Product,6044.10.01.01-TR052,Trailer Tristar Rear Bottom Dump ,G9645," $340,000.00 ",true
Support - Trailer Product,6044.10.01.01-TR053,Trailer Tristar Rear Bottom Dump ,G9646," $340,000.00 ",true
Support - Trailer Product,6044.10.01.01-TR054,Trailer Tristar Rear Bottom Dump ,G9647," $340,000.00 ",true
Support - Trailer Product,6044.10.01.01-TR056,Trailer Tristar Bottom Dump ,G9649," $340,000.00 ",true
Support - Trailer Product,6044.10.01.01-TR057,Trailer Tristar Bottom Dump ,G9650," $340,000.00 ",true
Support - Trailer Product,6044.10.01.01-TR058,Trailer Tristar Bottom Dump ,G9651," $340,000.00 ",true
Support - Trailer Product,6044.10.01.01-TR059,Trailer Tristar Bottom Dump ,G9652," $340,000.00 ",true
Support - Trailer Product,6044.10.01.01-TR060,Trailer Tristar Bottom Dump ,G9653," $340,000.00 ",true
Support - Trailer Sands,6044.10.01.01-TR029,Trailer Smith Side Tip A ,G9622," $340,000.00 ",true
Support - Trailer Sands,6044.10.01.01-TR030,Trailer Smith Side Tip A ,G9623," $340,000.00 ",true
Support - Trailer Sands,6044.10.01.01-TR031,Trailer Smith Side Tip A ,G9624," $340,000.00 ",true
Support - Trailer Sands,6044.10.01.01-TR032,Trailer Smith Side Tip C ,G9625," $340,000.00 ",true
Support - Trailer Sands,6044.10.01.01-TR033,Trailer Smith Side Tip A ,G9626," $340,000.00 ",true
Support - Trailer Sands,6044.10.01.01-TR034,Trailer Smith Side Tip A ,G9627," $340,000.00 ",#N/A
Support - Trailer Sands,6044.10.01.01-TR035,Trailer Smith Side Tip A ,G9628," $340,000.00 ",#N/A
Support - Trailer Sands,6044.10.01.01-TR036,Trailer Smith Side Tip C ,G9629," $340,000.00 ",#N/A
Support - Trailer Sands,6044.10.01.01-TR037,Trailer AZMEB Side Tip Lead 1 ,G9630," $340,000.00 ",true
Support - Trailer Sands,6044.10.01.01-TR038,Trailer AZMEB Side Tip Lead 2 ,G9631," $340,000.00 ",true
Support - Trailer Sands,6044.10.01.01-TR039,Trailer AZMEB Side Tip Tag ,G9632," $340,000.00 ",true
Support - Trailer Sands,6044.10.01.01-TR055,Trailer Smith Side Tip C ,G9648," $340,000.00 ",true
Support - Trailer Smalls,6041.01.04.94-ME002,Pressure Water Blaster ,G7043," $200,000.00 ",true
Support - Trailer Smalls,6041.01.04.90-TR044,Mobile Workshop HP Cleaning Unit ,G9354," $100,000.00 ",true
Support - Trailer Smalls,6041.01.04.90-TR033,Trailer Excavator Plant ,G9458," $30,000.00 ",true
Support - Trailer Smalls,6041.01.04.90-TR034,Trailer Seca Blaster ,G9459," $35,000.00 ",true
Support - Trailer Smalls,6041.01.04.90-TR035,Trailer Emergency Rescue ,G9460," $15,000.00 ",true
Support - Trailer Smalls,6041.01.04.94-ME001,Implement Brush Mulcher,G9712," $80,000.00 ",true
Support - Trailer Cargo,6041.01.04.90-TR049,Trailer Tristar Drop Deck ,G9469," $150,000.00 ",true
Support - Trailer Cargo,6041.01.04.90-TR050,Trailer Tristar Flatbed ,G9470," $150,000.00 ",#N/A
Support Trailers,6041.01.04.90-TR003,Trailer Emergency Response ,G9123, $-   ,true
Support Trailers,6041.01.04.90-TR043,Tailer Blast Crew Bobcat ,G9335, $-   ,true
Support Trailers,6041.01.04.90-TR041,Trailer Tandem Mobile ,G9342, $-   ,true
Support Trailers,6041.01.04.90-TR008,Trailer Haulmark Quad Axle 55T ,G9344, $-   ,#N/A
Support Trailers,6041.01.04.90-TR009,Trailer Boat 4.5 Metres ,G9346, $-   ,#N/A
Support Trailers,6041.01.04.90-TR012,Trailer Box Tandem 8 x 5 ,G9432, $-   ,true
Support Trailers,6041.01.04.90-TR013,Trailer Box Tandem 8 x 5 ,G9433, $-   ,#N/A
Support Trailers,6041.01.04.90-TR014,Trailer Boat 4.5 Metres ,G9434, $-   ,true
Support Trailers,6041.01.04.90-TR016,Trailer Single 6 x 4 ,G9436, $-   ,true
Support Trailers,6041.01.04.90-TR017,Trailer Single 6 x 4 ,G9437, $-   ,true
Support Trailers,6041.01.04.90-TR018,Trailer Single 6 x 4 ,G9438, $-   ,true
Support Trailers,6041.01.04.90-TR019,Trailer Single 6 x 4 ,G9440, $-   ,true
Support Trailers,6041.01.04.90-TR021,Trailer Box ,G9442, $-   ,#N/A
Support Trailers,6041.01.04.90-TR022,Trailer Box ,G9443, $-   ,#N/A
Support Trailers,6041.01.04.90-TR023,Trailer Box ,G9444, $-   ,#N/A
Support Trailers,6041.01.04.90-TR024,Trailer Box ,G9445, $-   ,#N/A
Support Trailers,6041.01.04.90-TR025,Trailer Box ,G9446, $-   ,true
Support Trailers,6041.01.04.90-TR028,Trailer Box Tandem 8 x 6 ,G9450, $-   ,true
Support Trailers,6041.01.04.90-TR029,Trailer Box Tandem 8 x 6 ,G9452, $-   ,true
Support Trailers,6041.01.04.90-TR030,Trailer Communication ,G9453, $-   ,true
Support Trailers,6041.01.04.90-TR031,Trailer Communication ,G9456, $-   ,#N/A
Support Trailers,6041.01.04.90-TR032,Trailer Communication ,G9457, $-   ,#N/A
Support Trailers,6041.01.04.90-TR036,Trailer Tandem Skidsteer Loader ,G9461, $-   ,true
Support Trailers,6041.01.04.90-TR037,Trailer Toro Mower ,G9462, $-   ,true
Support Trailers,6041.01.04.90-TR038,Trailer Communication ,G9464, $-   ,#N/A
Support Trailers,6041.01.04.90-TR039,Trailer Communication ,G9465, $-   ,#N/A
Support Trailers,6041.01.04.90-TR040,Trailer Communication ,G9466, $-   ,#N/A
Support Trailers,6041.01.04.90-TR042,Trailer Water Cartage ,G9467, $-   ,#N/A
Support Trailers,6041.01.04.90-TR045,Trailer Township HD Bobcat Tandem ,G9468, $-   ,true
Support Trailers,6041.01.04.90-TR051,Trailer Noise Monitoring ,G9471, $-   ,#N/A
Support Trailers,6041.01.04.90-TR052,Trailer Noise Monitoring ,G9472, $-   ,true
Support Trailers,6041.01.04.90-TR054,Trailer TRT Dolly ,G9475, $-   ,#N/A
Support Trailers,6041.01.04.90-TR059,Trailer Communication Comm8 ,G9476, $-   ,#N/A
Support Trailers,6041.01.04.90-TR056,HV Line Pressure Cleaner ,G9477, $-   ,true
Support Trailers,6041.01.04.90-TR057,Trailer LTE Solarcraft WMCM-L3N ,G9479, $-   ,#N/A
Support Trailers,6041.01.04.90-TR058,Trailer LTE Solarcraft WMCM-L3N ,G9480, $-   ,#N/A
Support Trailers,6041.01.04.90-TR061,Trailer Box Tandem 8 x 5 NPI ,G9481, $-   ,true
Support Trailers,6041.01.04.90-TR064,Trailer Hammar 195S Sidelift ,G9484, $-   ,true
Support Trailers,6041.01.04.90-TR065,Trailer Water Cartage ,G9485, $-   ,true
Support Trailers,6041.01.04.90-TR066,Trailer Single 6 x 4 ,G9486, $-   ,true
Support Trailers,6041.01.04.90-TR067,Trailer Enclosed Tandem ,G9487, $-   ,true
Support Trailers,6041.01.04.90-TR068,Trailer Enclosed Tandem ,G9488, $-   ,true
Support Trailers,6041.01.04.90-TR069,Trailer Tandem TWB/3-2 7.4x3 ,G9489, $-   ,true
Support Trailers,6041.01.04.90-TR070,Trailer Tandem TWB-1 7.4x2.4 ,G9492, $-   ,true
Support Trailers,6041.01.04.90-TR071,Trailer Tandem 4.5T ,G9493, $-   ,true
Support Trailers,6041.01.04.90-TR072,Trailer Single Boat,G9494, $-   ,true
Excavator - Small,6042.10.02.21-EX009,Excavator Caterpillar 303CR ,G3514," $300,000.00 ",true
Excavator - Small,6042.10.02.21-EX011,Excavator Caterpillar 374FL MFL ,G3515," $800,000.00 ",#N/A
Excavator - Small,6042.10.02.21-EX016,Excavator Caterpillar 336FL ,G3520," $620,000.00 ",#N/A
Excavator - Small,6042.10.02.21-EX017,Excavator Caterpillar 336FL ,G3521," $620,000.00 ",#N/A
Excavator - Small,6042.10.02.21-EX018,Excavator Caterpillar 336FL ,G3522," $620,000.00 ",true
Excavator - Small,6042.10.02.21-EX019,Excavator Caterpillar 320 ,G3523," $300,000.00 ",true
Excavator - Small,6042.10.02.21-EX020,Excavator Caterpillar 320 ,G3524," $300,000.00 ",true
Support Loaders,6042.10.03.31-LD008,Loader Caterpillar 972K ,G3023," $2,700,000.00 ",true
Support Loaders,6042.10.03.31-LD010,Loader Caterpillar 980K ,G3025," $1,200,000.00 ",true
Support Loaders,6042.10.03.31-LD011,Loader Caterpillar 950K ,G3026," $2,000,000.00 ",true
Support Loaders,6042.10.03.31-LD012,Loader Caterpillar 988K,G3027, $-   ,true
Canter,6041.01.04.38-LV004,Mitsubishi Canter 4 x 2 Dual Cab ,G1772," $165,000.00 ",#N/A
Canter,6041.01.04.38-LV005,Mitsubishi Canter 4 x 2 Dual Cab ,G1773," $165,000.00 ",true
Canter,6041.01.04.37-LV052,Mitsubishi Canter 4 x 4 Dual Cab ,G1775," $175,000.00 ",true
Canter,6041.01.04.38-LV006,Mitsubishi Canter 4 x 2 Dual Cab ,G1776," $165,000.00 ",true
Canter,6041.01.04.37-LV054,Mitsubishi Canter 4 x 4 Dual Cab ,G1790," $175,000.00 ",#N/A
Canter,6041.01.04.37-LV055,Mitsubishi Canter 4 x 4 Dual Cab ,G1791," $175,000.00 ",true
Canter,6041.01.04.37-LV056,Mitsubishi Canter 4 x 4 Dual Cab ,G1792," $175,000.00 ",true
Canter,6041.01.04.37-LV057,Mitsubishi Canter 4 x 4 Dual Cab ,G1795," $175,000.00 ",true
Canter,6041.01.04.37-LV131,Mitsubishi Canter 4 x 4 Single Cab ,G1881," $175,000.00 ",#N/A
Canter,6041.01.04.37-LV132,Mitsubishi Canter 4 x 4 Single Cab ,G1882," $175,000.00 ",true
Canter,6041.01.04.37-LV133,Mitsubishi Canter 4 x 4 Single Cab ,G1883," $175,000.00 ",true
Canter,6041.01.04.37-LV134,Mitsubishi Canter 4 x 4 Single Cab ,G1884," $175,000.00 ",#N/A
Canter,6041.01.04.37-LV135,Mitsubishi Canter 4 x 4 Dual Cab ,G1885," $175,000.00 ",true
Canter,6041.01.04.38-LV013,Mitsubishi Canter 4 x 2 Dual Cab ,G1901," $165,000.00 ",true
Hilux,#N/A,#N/A,G1754," $60,000.00 ",#N/A
Hilux,#N/A,#N/A,G1768," $60,000.00 ",#N/A
Hilux,#N/A,#N/A,G1784," $60,000.00 ",#N/A
Hilux,#N/A,#N/A,G1799," $60,000.00 ",#N/A
Hilux,#N/A,#N/A,G1800," $60,000.00 ",#N/A
Hilux,6041.01.04.37-LV063,Hilux 4 x 4 Dual Cab Ute ,G1807," $60,000.00 ",true
Hilux,6041.01.04.37-LV064,Hilux 4 x 4 Dual Cab Ute ,G1808," $60,000.00 ",true
Hilux,6041.01.04.37-LV065,Hilux 4 x 4 Dual Cab Ute ,G1809," $60,000.00 ",true
Hilux,6041.01.04.37-LV066,Hilux 4 x 4 Dual Cab Ute ,G1810," $60,000.00 ",#N/A
Hilux,6041.01.04.37-LV067,Hilux 4 x 4 Dual Cab Ute ,G1811," $60,000.00 ",true
Hilux,6041.01.04.37-LV068,Hilux 4 x 4 Dual Cab Ute ,G1812," $60,000.00 ",true
Hilux,6041.01.04.37-LV069,Hilux 4 x 4 Dual Cab Ute ,G1813," $60,000.00 ",true
Hilux,6041.01.04.37-LV070,Hilux 4 x 4 Dual Cab Ute ,G1814," $60,000.00 ",true
Hilux,6041.01.04.37-LV071,Hilux 4 x 4 Dual Cab Ute ,G1815," $60,000.00 ",true
Hilux,6041.01.04.37-LV072,Hilux 4 x 4 Dual Cab Ute ,G1816," $60,000.00 ",true
Hilux,6041.01.04.37-LV073,Hilux 4 x 4 Dual Cab Ute ,G1817," $60,000.00 ",true
Hilux,6041.01.04.37-LV075,Hilux 4 x 4 Dual Cab Ute ,G1819," $60,000.00 ",true
Hilux,6041.01.04.37-LV076,Hilux 4 x 4 Dual Cab Ute ,G1820," $60,000.00 ",true
Hilux,6041.01.04.37-LV077,Hilux 4 x 4 Dual Cab Ute ,G1821," $60,000.00 ",true
Hilux,6041.01.04.37-LV078,Hilux 4 x 4 Dual Cab Ute ,G1822," $60,000.00 ",true
Hilux,6041.01.04.37-LV079,Hilux 4 x 4 Dual Cab Ute ,G1823," $60,000.00 ",true
Hilux,6041.01.04.37-LV080,Hilux 4 x 4 Dual Cab Ute ,G1824," $60,000.00 ",true
Hilux,6041.01.04.37-LV081,Hilux 4 x 4 Dual Cab Ute ,G1825," $60,000.00 ",true
Hilux,6041.01.04.37-LV082,Hilux 4 x 4 Dual Cab Ute ,G1826," $60,000.00 ",true
Hilux,6041.01.04.37-LV083,Hilux 4 x 4 Dual Cab Ute ,G1827," $60,000.00 ",true
Hilux,6041.01.04.37-LV084,Hilux 4 x 4 Dual Cab Ute ,G1828," $60,000.00 ",true
Hilux,6041.01.04.37-LV085,Hilux 4 x 4 Dual Cab Ute ,G1829," $60,000.00 ",true
Hilux,6041.01.04.37-LV086,Hilux 4 x 4 Dual Cab Ute ,G1830," $60,000.00 ",true
Hilux,6041.01.04.37-LV087,Hilux 4 x 4 Dual Cab Ute ,G1831," $60,000.00 ",true
Hilux,6041.01.04.37-LV088,Hilux 4 x 4 Dual Cab Ute ,G1832," $60,000.00 ",true
Hilux,6041.01.04.37-LV089,Hilux 4 x 4 Dual Cab Ute ,G1833," $60,000.00 ",true
Hilux,6041.01.04.37-LV090,Hilux 4 x 4 Dual Cab Ute ,G1834," $60,000.00 ",true
Hilux,6041.01.04.37-LV091,Hilux 4 x 4 Dual Cab Ute ,G1835," $60,000.00 ",true
Hilux,6041.01.04.37-LV092,Hilux 4 x 4 Dual Cab Ute ,G1836," $60,000.00 ",true
Hilux,6041.01.04.37-LV094,Hilux 4 x 4 Dual Cab Ute ,G1838," $60,000.00 ",true
Hilux,6041.01.04.37-LV095,Hilux 4 x 4 Dual Cab Ute ,G1839," $60,000.00 ",true
Hilux,6041.01.04.37-LV096,Hilux 4 x 4 Dual Cab Ute ,G1840," $60,000.00 ",true
Hilux,6041.01.04.37-LV097,Hilux 4 x 4 Dual Cab Ute ,G1841," $60,000.00 ",true
Hilux,6041.01.04.37-LV098,Hilux 4 x 4 Dual Cab Ute ,G1842," $60,000.00 ",true
Hilux,6041.01.04.37-LV099,Hilux 4 x 4 Dual Cab Ute ,G1843," $60,000.00 ",true
Hilux,6041.01.04.37-LV100,Hilux 4 x 4 Dual Cab Ute ,G1844," $60,000.00 ",true
Hilux,6041.01.04.37-LV101,Hilux 4 x 4 Dual Cab Ute ,G1845," $60,000.00 ",true
Hilux,6041.01.04.37-LV102,Hilux 4 x 4 Dual Cab Ute ,G1846," $60,000.00 ",true
Hilux,6041.01.04.37-LV103,Hilux 4 x 4 Dual Cab Ute ,G1847," $60,000.00 ",true
Hilux,6041.01.04.37-LV104,Hilux 4 x 4 Dual Cab Ute ,G1848," $60,000.00 ",true
Hilux,6041.01.04.37-LV105,Hilux 4 x 4 Dual Cab Ute ,G1849," $60,000.00 ",true
Hilux,6041.01.04.37-LV106,Hilux 4 x 4 Dual Cab Ute ,G1850," $60,000.00 ",true
Hilux,6041.01.04.37-LV107,Hilux 4 x 4 Dual Cab Ute ,G1851," $60,000.00 ",true
Hilux,6041.01.04.37-LV108,Hilux 4 x 4 Dual Cab Ute ,G1852," $60,000.00 ",true
Hilux,6041.01.04.37-LV109,Hilux 4 x 4 Dual Cab Ute ,G1853," $60,000.00 ",true
Hilux,6041.01.04.37-LV110,Hilux 4 x 4 Dual Cab Ute ,G1854," $60,000.00 ",true
Hilux,6041.01.04.37-LV111,Hilux 4 x 4 Dual Cab Ute ,G1855," $60,000.00 ",true
Hilux,6041.01.04.37-LV112,Hilux 4 x 4 Dual Cab Ute ,G1856," $60,000.00 ",true
Hilux,6041.01.04.37-LV113,Hilux 4 x 4 Dual Cab Ute ,G1862," $60,000.00 ",true
Hilux,6041.01.04.37-LV114,Hilux 4 x 4 Dual Cab Ute ,G1863," $60,000.00 ",true
Hilux,6041.01.04.37-LV115,Hilux 4 x 4 Dual Cab Ute ,G1864," $60,000.00 ",true
Hilux,6041.01.04.37-LV116,Hilux 4 x 4 Dual Cab Ute ,G1865," $60,000.00 ",true
Hilux,6041.01.04.37-LV117,Hilux 4 x 4 Dual Cab Ute ,G1866," $60,000.00 ",true
Hilux,6041.01.04.37-LV118,Hilux 4 x 4 Dual Cab Ute ,G1867," $60,000.00 ",true
Hilux,6041.01.04.37-LV119,Hilux 4 x 4 Dual Cab Ute ,G1868," $60,000.00 ",true
Hilux,6041.01.04.37-LV120,Hilux 4 x 4 Dual Cab Ute ,G1869," $60,000.00 ",true
Hilux,6041.01.04.37-LV121,Hilux 4 x 4 Dual Cab Ute ,G1870," $60,000.00 ",true
Hilux,6041.01.04.37-LV122,Hilux 4 x 4 Dual Cab Ute ,G1871," $60,000.00 ",true
Hilux,6041.01.04.37-LV123,Hilux 4 x 4 Dual Cab Ute ,G1872," $60,000.00 ",true
Hilux,6041.01.04.37-LV124,Hilux 4 x 4 Dual Cab Ute ,G1873," $60,000.00 ",true
Hilux,6041.01.04.37-LV125,Hilux 4 x 4 Dual Cab Ute ,G1874," $60,000.00 ",true
Hilux,6041.01.04.37-LV126,Hilux 4 x 4 Dual Cab Ute ,G1875," $60,000.00 ",true
Hilux,6041.01.04.37-LV127,Hilux 4 x 4 Dual Cab Ute ,G1876," $60,000.00 ",true
Hilux,6041.01.04.37-LV128,Hilux 4 x 4 Dual Cab Ute ,G1877," $60,000.00 ",true
Hilux,6041.01.04.37-LV129,Hilux 4 x 4 Dual Cab Ute ,G1878," $60,000.00 ",true
Hilux,6041.01.04.37-LV130,Hilux 4 x 4 Dual Cab Ute ,G1879," $60,000.00 ",true
Hilux,6041.01.04.37-LV138,Hilux 4X4 Single Cab Ute ,G1889," $65,000.00 ",true
Hilux,6041.01.04.37-LV139,Hilux 4X4 Single Cab Ute ,G1890," $65,000.00 ",true
Hilux,6041.01.04.37-LV140,Hilux 4X4 Single Cab Ute ,G1891," $65,000.00 ",true
Hilux,6041.01.04.37-LV141,Hilux 4 X 4 Dual Cab Ute ,G1902," $60,000.00 ",true
Hilux,6041.01.04.37-LV143,Hilux 4 X 4 Dual Cab Ute ,G1906," $60,000.00 ",true
Hilux,6041.01.04.37-LV144,Hilux 4 X 4 Dual Cab Ute ,G1911," $60,000.00 ",true
Hilux,6041.01.04.37-LV145,Hilux 4 X 4 Dual Cab Ute,G1913," $60,000.00 ",true
Hilux,6041.01.04.37-LV146,Hilux 4 X 4 Dual Cab Ute,G1914," $60,000.00 ",true
Hilux,6041.01.04.37-LV147,Hilux 4 X 4 Dual Cab Ute,G1915," $60,000.00 ",true
Hilux,6041.01.04.37-LV148,Hilux 4 X 4 Dual Cab Ute,G1916," $60,000.00 ",true
Landcruiser,6041.01.04.36-LV010,Landcruiser Wagon ,G1781," $115,000.00 ",#N/A
Landcruiser,#N/A,#N/A,G1801," $115,000.00 ",#N/A
Landcruiser,6041.01.04.37-LV136,Landcruiser 4X4 Single Cab ,G1887," $100,000.00 ",true
Landcruiser,6041.01.04.37-LV137,Landcruiser 4X4 Single Cab ,G1888," $100,000.00 ",true
Landcruiser,6041.01.04.36-LV029,Landcruiser Wagon VDJ200R ,G1893," $115,000.00 ",#N/A
Landcruiser,6041.01.04.36-LV030,Landcruiser Wagon VDJ200R ,G1894," $115,000.00 ",#N/A
Landcruiser,6041.01.04.36-LV031,Landcruiser Wagon VDJ200R ,G1895," $115,000.00 ",true
Landcruiser,6041.01.04.36-LV032,Landcruiser Wagon VDJ200R ,G1896," $115,000.00 ",true
Landcruiser,6041.01.04.36-LV033,Landcruiser Wagon VDJ200R ,G1897," $115,000.00 ",#N/A
Landcruiser,6041.01.04.36-LV035,Landcruiser Wagon VDJ200R ,G1899," $115,000.00 ",true
Landcruiser,6041.01.04.36-LV036,Landcruiser Wagon VDJ200R ,G1900," $115,000.00 ",#N/A
Landcruiser,6041.01.04.37-LV142,Landcruiser 4X4 Single Cab ,G1903," $100,000.00 ",true
Landcruiser,6041.01.04.36-LV037,Landcruiser Wagon VDJ200R ,G1904," $115,000.00 ",true
Landcruiser,6041.01.04.36-LV038,Landcruiser Wagon VDJ200R ,G1905," $115,000.00 ",true
Landcruiser,6041.01.04.36-LV039,Landcruiser Wagon VDJ200R ,G1908," $115,000.00 ",true
Landcruiser,6041.01.04.36-LV040,Landcruiser Wagon VDJ200R ,G1909," $115,000.00 ",true
Landcruiser,6041.01.04.36-LV041,Landcruiser Wagon VDJ200R ,G1910," $115,000.00 ",true
Landcruiser,6041.01.04.36-LV042,Landcruiser Wagon VDJ200R ,G1917," $115,000.00 ",true
Landcruiser,6041.01.04.36-LV043,Landcruiser Wagon VDJ200R ,G1918," $115,000.00 ",true
Prado,6041.01.04.36-LV017,Toyota Prado Wagon ,G1803," $100,000.00 ",true
Prado,6041.01.04.36-LV018,Toyota Prado Wagon KDJ150R ,G1804," $100,000.00 ",true
Prado,6041.01.04.36-LV019,Toyota Prado Wagon KDJ150R ,G1805," $100,000.00 ",true
Prado,6041.01.04.36-LV020,Toyota Prado Wagon KDJ150R ,G1806," $100,000.00 ",true
Prado,6041.01.04.36-LV021,Toyota Prado Wagon KDJ150R ,G1857," $90,000.00 ",true
Prado,6041.01.04.36-LV022,Toyota Prado Wagon KDJ150R ,G1858," $90,000.00 ",true
Prado,6041.01.04.36-LV023,Toyota Prado Wagon KDJ150R ,G1859," $90,000.00 ",#N/A
Prado,6041.01.04.36-LV024,Toyota Prado Wagon KDJ150R ,G1860," $90,000.00 ",true
Prado,6041.01.04.36-LV025,Toyota Prado Wagon KDJ150R ,G1861," $90,000.00 ",true
Van,6041.01.04.39-LV014,Mercedes-Benz Vito Van ,G1886," $85,000.00 ",true
Van,6041.01.04.39-LV015,Toyota Hiace Van ,G1912," $45,000.00 ",true
Yaris,6041.01.04.39-LV005,Toyota Yaris 5DR Hatchback ,G03," $25,000.00 ",#N/A
Buses,6041.01.04.31-BU002,Bus Mitsubishi Rosa BE600 ,ESS02," $180,000.00 ",#N/A
Buses,6041.01.04.31-BU003,Bus Mitsubishi Rosa BE600 ,ESS03," $180,000.00 ",#N/A
Buses,6041.01.04.31-BU007,Bus Iveco Volgren Endura ,ESS07," $430,227.00 ",#N/A
Buses,6041.01.04.31-BU008,Bus Iveco Volgren Endura ,ESS08," $430,227.00 ",#N/A
Buses,6041.01.04.31-BU009,Bus Iveco Volgren Endura ,ESS09," $430,227.00 ",#N/A
Buses,6041.01.04.34-BU001,Bus Mitsubishi Canter All Terrain ,G1793," $165,000.00 ",#N/A
Buses,6041.01.04.34-BU002,Bus Mitsubishi Canter All Terrain ,G1794," $165,000.00 ",true
Buses,6041.01.04.31-BU011,Bus BCI FBC6127BRZ3 ,G9700, $-   ,true
Buses,6041.01.04.31-BU012,Bus BCI FBC6127BRZ3 ,G9701, $-   ,true
Buses,6041.01.04.31-BU013,Bus BCI FBC6127BRZ3 ,G9702, $-   ,true
Gensets,6041.01.04.88-GS003,Generator Mobile ,G8540, $-   ,true
Gensets,6041.01.04.88-GS006,Generator Mobile ,G8552, $-   ,true
Gensets,6041.01.04.88-GS012,Generator Mobile ,G8615, $-   ,true
Gensets,6041.01.04.88-GS016,Generator Mobile ,G8630, $-   ,true
Gensets,6041.01.04.88-GS017,Generator Mobile ,G8631, $-   ,true
Gensets,6041.01.04.88-GS018,Generator Mobile ,G8632, $-   ,true
Gensets,6041.01.04.88-GS019,Generator Mobile ,G8633, $-   ,true
Gensets,6041.01.04.88-GS023,Generator Mobile Denyo DCA-125SPK3 ,G8641, $-   ,true
Gensets,6041.01.04.88-GS025,Generator Mobile,G8643, $-   ,true
Gensets,6041.01.04.88-GS028,Generator Mobile ,G8647, $-   ,true
Gensets,6041.01.04.88-GS030,Generator Emergency Mobile ,G8648, $-   ,true
Gensets,6041.01.04.88-GS031,Generator Mobile ,G8649, $-   ,true
Gensets,6041.01.04.88-GS032,Generator Mobile Denyo DCA-125SPK3 ,G8650, $-   ,true
Gensets,6041.01.04.88-GS034,Generator Mobile ,G8652, $-   ,true
Gensets,6041.01.04.88-GS038,Generator Mobile ,G8656, $-   ,true
Gensets,6041.01.04.88-GS040,Generator Mobile ,G8659, $-   ,true
Gensets,6041.01.04.88-GS041,Generator Mobile Olympian GEP50-7 ,G8660, $-   ,true
Gensets,6041.01.04.88-GS042,Generator Mobile Olympian GEP33-1 ,G8661, $-   ,true
Gensets,6041.01.04.88-GS046,Generator Mobile,G8663, $-   ,true
Gensets,6041.01.04.88-GS047,Generator Mobile ,G8664, $-   ,true
Gensets,6041.01.04.88-GS048,Generator Mobile ,G8665, $-   ,true
Gensets,6041.01.04.88-GS049,Generator Mobile ,G8666, $-   ,true
Gensets,6041.01.04.88-GS050,Generator Mobile,G8667, $-   ,true
Gensets,6041.01.04.88-GS052,Generator Mobile Cummins C900 D5 ,G8687, $-   ,true
Gensets,6041.01.04.88-GS053,Generator Mobile ,G8688, $-   ,true
Gensets,6041.01.04.88-GS054,Generator Mobile Cummins C80 D2R,G8689, $-   ,true
Gensets,6041.01.04.88-GS055,Generator Mobile Cummins C200 D2R ,G8690, $-   ,true
Gensets,6041.01.04.88-GS056,Generator Mobile Cummins C200 D2R ,G8691, $-   ,true
Gensets,6041.01.04.88-GS057,Generator Mobile Cummins C220 D5E ,G8692, $-   ,true
Gensets,6041.01.04.88-GS058,Generator Mobile Cummins C220 D5E ,G8693, $-   ,true
Gensets,6041.01.04.88-GS059,Generator Mobile Cummins C220 D5E ,G8694, $-   ,true
Gensets,6041.01.04.88-GS060,Generator Mobile Cummins C220 D5E ,G8695, $-   ,true
Gensets,6041.01.04.88-GS061,Generator Mobile Cummins C220 D5E ,G8696, $-   ,true
Gensets,6041.01.04.88-GS062,Generator Mobile Cummins C220 D5E ,G8697, $-   ,true
Gensets,6041.01.04.88-GS063,Generator Mobile Cummins C220 D5E ,G8698, $-   ,true
Gensets,6041.01.04.88-GS064,Generator Mobile Cummins C80 D2R ,G8699, $-   ,true
Gensets,6041.01.04.88-GS065,Generator Mobile Cummins C80 D2R ,G8700, $-   ,true
Gensets,6041.01.04.88-GS066,Generator Mobile Cummins C80 D2R ,G8701, $-   ,true
Gensets,6041.01.04.88-GS068,Generator Mobile Cummins C900 D5KC ,G8703, $-   ,true
Gensets,6041.01.04.88-GS072,Generator Mobile Cummins C550 D5E ,G8704, $-   ,true
Gensets,6041.01.04.88-GS100,Generator Mobile Cummins C28 D5 ,G8705, $-   ,true
Gensets,6041.01.04.88-GS071,Generator Mobile Cummins C55D5 ,G8706, $-   ,true
Gensets,6041.01.04.88-GS069,Generator Mobile Cummins C200 D2R ,G8707, $-   ,true
Gensets,6041.01.04.88-GS070,Generator Mobile Cummins C55D5 ,G8708, $-   ,true
Gensets,6041.01.04.88-GS074,Generator Mobile Cummins C150 D5 ,G8709, $-   ,true
Gensets,6041.01.04.88-GS075,Generator Mobile CAT DE50E0 ,G8710, $-   ,true
Gensets,6041.01.04.88-GS076,Generator Mobile CAT DE220E0 ,G8711, $-   ,true
Gensets,6041.01.04.88-GS077,Generator Mobile CAT DE220E0 ,G8712, $-   ,true
Gensets,6041.01.04.88-GS078,Generator Mobile CAT DE220E0 ,G8713, $-   ,true
Gensets,6041.01.04.88-GS079,Generator Mobile CAT DE220E0 ,G8714, $-   ,true
Gensets,6041.01.04.88-GS080,Generator Mobile FG Wilson P11-6S ,G8715, $-   ,true
Gensets,6041.01.04.88-GS081,Generator Mobile FG Wilson P11-6S ,G8716, $-   ,true
Gensets,6041.01.04.88-GS082,Generator Mobile CAT DE220E0 ,G8717, $-   ,true
Gensets,6041.01.04.88-GS083,Generator Mobile CAT DE220E0 ,G8718, $-   ,true
Gensets,6041.01.04.88-GS084,Generator Mobile CAT DE220E0 ,G8719, $-   ,true
Gensets,6041.01.04.88-GS073,Generator Mobile Cummins C250 D2R ,G8720, $-   ,true
Gensets,6041.01.04.88-GS086,Generator Mobile CAT DE220E0 ,G8721, $-   ,true
Gensets,6041.01.04.88-GS085,Generator Mobile CAT DE220E0 ,G8722, $-   ,true
Gensets,6041.01.04.88-GS088,Generator Mobile Cummins C1250 D2R ,G8723, $-   ,true
Gensets,6041.01.04.88-GS089,Generator Mobile Cummins C1250 D2R ,G8724, $-   ,true
Gensets,6041.01.04.88-GS090,Generator Mobile Cummins C1250 D2R ,G8725, $-   ,true
Gensets,6041.01.04.88-GS087,Generator Mobile CAT DE110E2 ,G8726, $-   ,true
Gensets,6041.01.04.88-GS091,Generator Mobile CAT DE220E0 ,G8727, $-   ,true
Gensets,6041.01.04.88-GS092,Generator Mobile CAT DE65E0 ,G8728, $-   ,true
Gensets,6041.01.04.88-GS095,Generator Mobile Cummins C330 D5,G8731, $-   ,true
Gensets,6041.01.04.88-GS096,Generator Mobile CAT DE165E0 ,G8732, $-   ,true
Gensets,6041.01.04.88-GS097,Generator Mobile CAT C18 605 CAHA ,G8733, $-   ,true
Gensets,6041.01.04.88-GS098,Generator Mobile Cummins C28 D5 ,G8734, $-   ,true
Gensets,6041.01.04.88-GS099,Generator Mobile Cummins C28 D5 ,G8735, $-   ,true
Gensets,6041.01.04.88-GS101,Generator Mobile Cummins C220 D5E ,G8736, $-   ,true
Gensets,6041.01.04.88-GS102,Generator Mobile Cummins C220 D5E ,G8737, $-   ,true
Gensets,6041.01.04.88-GS103,Generator Mobile Cummins C220 D5E ,G8738, $-   ,true
Gensets,6041.01.04.88-GS104,Generator Mobile CAT DE220E0 ,G8739, $-   ,true
Gensets,6041.01.04.88-GS105,Generator Mobile CAT DE220E0 ,G8740, $-   ,true
Gensets,6041.01.04.88-GS106,Generator Mobile CAT DE220E0 ,G8741, $-   ,true
Gensets,6041.01.04.88-GS107,Generator Mobile CAT DE220E0 ,G8742, $-   ,true
Gensets,6041.01.04.88-GS108,Generator Mobile CAT DE220E0 ,G8743, $-   ,true
Gensets,6041.01.04.88-GS109,Generator Mobile CAT DE220E0 ,G8744, $-   ,true
Gensets,6041.01.04.88-GS110,Generator Mobile CAT C13 400 ,G8745, $-   ,true
Gensets,6041.01.04.88-GS111,Generator Mobile Cummins C330 D5,G8746, $-   ,true
Gensets,6041.01.04.88-GS112,Generator Mobile Cummins C330 D5,G8747, $-   ,true
Gensets,6041.01.04.88-GS113,Generator Mobile Cummins C330 D5,G8748, $-   ,true
Gensets,6041.01.04.88-GS114,Generator Mobile CAT DE55E0,G8768, $-   ,true
Gensets,6041.01.04.88-GS115,Generator Mobile CAT DE220E0,G8769, $-   ,true
Gensets,6041.01.04.88-GS116,Generator Mobile CAT DE220E0,G8770, $-   ,true
Gensets,6041.01.04.88-GS117,Generator Mobile CAT DE220E0,G8771, $-   ,true
Gensets,6041.01.04.88-GS118,Generator Mobile Cummins C1250 D2R,G8772, $-   ,true
Gensets,6041.01.04.88-GS119,Generator Mobile Cummins C1250 D2R,G8773, $-   ,true
Gensets,6041.01.04.88-GS120,Generator Mobile Cummins C1250 D2R,G8774, $-   ,true
Gensets,6041.01.04.88-GS121,Generator Mobile CAT DE88E0,G8776, $-   ,true
Gensets,6041.01.04.88-GS122,Generator Mobile CAT DE88E0,G8777, $-   ,true
Lighting Towers,6041.01.04.89-LS001,Lighting Tower Allight ,G8619," $40,000.00 ",true
Lighting Towers,6041.01.04.89-LS002,Lighting Tower Allight ,G8620," $40,000.00 ",true
Lighting Towers,6041.01.04.89-LS004,Lighting Tower Allight ,G8625," $40,000.00 ",true
Lighting Towers,6041.01.04.89-LS005,Lighting Tower Allight ,G8627," $40,000.00 ",true
Lighting Towers,6041.01.04.89-LS006,Lighting Tower Allight ,G8628," $40,000.00 ",true
Lighting Towers,6041.01.04.89-LS007,Lighting Tower Allight ,G8629," $40,000.00 ",true
Lighting Towers,6041.01.04.89-LS008,Lighting Tower Allight ,G8634," $40,000.00 ",true
Lighting Towers,6041.01.04.89-LS009,Lighting Tower Allight ,G8635," $40,000.00 ",true
Lighting Towers,6041.01.04.89-LS010,Lighting Tower Allight ,G8636," $40,000.00 ",true
Lighting Towers,6041.01.04.89-LS011,Lighting Tower Allight ,G8637," $40,000.00 ",true
Lighting Towers,6041.01.04.89-LS012,Lighting Tower Allight ,G8668," $40,000.00 ",true
Lighting Towers,6041.01.04.89-LS013,Lighting Tower Allight ,G8669," $40,000.00 ",true
Lighting Towers,6041.01.04.89-LS014,Lighting Tower Allight ,G8670," $40,000.00 ",true
Lighting Towers,6041.01.04.89-LS015,Lighting Tower Allight ,G8671," $40,000.00 ",true
Lighting Towers,6041.01.04.89-LS016,Lighting Tower Allight ,G8672," $40,000.00 ",true
Lighting Towers,6041.01.04.89-LS017,Lighting Tower Allight ,G8673," $40,000.00 ",true
Lighting Towers,6041.01.04.89-LS018,Lighting Tower Allight ,G8674," $40,000.00 ",true
Lighting Towers,6041.01.04.89-LS019,Lighting Tower Allight ,G8675," $40,000.00 ",true
Lighting Towers,6041.01.04.89-LS020,Lighting Tower Allight ,G8676," $40,000.00 ",true
Lighting Towers,6041.01.04.89-LS021,Lighting Tower Allight ,G8677," $40,000.00 ",true
Lighting Towers,6041.01.04.89-LS022,Lighting Tower Allight ,G8678," $40,000.00 ",true
Lighting Towers,6041.01.04.89-LS023,Lighting Tower Allight ,G8679," $40,000.00 ",true
Lighting Towers,6041.01.04.89-LS025,Lighting Tower Allight ,G8683," $40,000.00 ",true
Lighting Towers,6041.01.04.89-LS026,Lighting Tower Allight ,G8684," $40,000.00 ",true
Lighting Towers,6041.01.04.89-LS027,Lighting Tower Allight ,G8685," $40,000.00 ",true
Lighting Towers,6041.01.04.89-LS028,Lighting Tower Allight ,G8686," $40,000.00 ",true
Lighting Towers,6041.01.04.89-LS030,Lighting Tower Allight ,G8750," $40,000.00 ",true
Lighting Towers,6041.01.04.89-LS031,Lighting Tower Allight ,G8751," $40,000.00 ",true
Lighting Towers,6041.01.04.89-LS032,Lighting Tower Allight ,G8752," $40,000.00 ",true
Lighting Towers,6041.01.04.89-LS033,Lighting Tower Allight ,G8753," $40,000.00 ",true
Lighting Towers,6041.01.04.89-LS034,Lighting Tower Allight ,G8754," $40,000.00 ",true
Lighting Towers,6041.01.04.89-LS035,Lighting Tower Allight ,G8755," $40,000.00 ",true
Lighting Towers,6041.01.04.89-LS029,Lighting Tower Allight ,G8756," $40,000.00 ",true
Lighting Towers,6041.01.04.89-LS037,Lighting Tower Brite Force ,G8757," $40,000.00 ",true
Lighting Towers,6041.01.04.89-LS038,Lighting Tower Brite Force ,G8758," $40,000.00 ",true
Lighting Towers,6041.01.04.89-LS039,Lighting Tower Brite Force ,G8759," $40,000.00 ",true
Lighting Towers,6041.01.04.89-LS040,Lighting Tower Brite Force ,G8760," $40,000.00 ",true
Lighting Towers,6041.01.04.89-LS041,Lighting Tower Brite Force ,G8761," $40,000.00 ",true
Lighting Towers,6041.01.04.89-LS042,Lighting Tower Brite Force ,G8762," $40,000.00 ",true
Lighting Towers,6041.01.04.89-LS043,Lighting Tower Allight MSLED168K-9 ,G8763," $40,000.00 ",true
Lighting Towers,6041.01.04.89-LS044,Lighting Tower Allight MSLED168K-9 ,G8764," $40,000.00 ",true
Lighting Towers,6041.01.04.89-LS045,Lighting Tower Allight MSLED168K-9 ,G8765," $40,000.00 ",true
Lighting Towers,6041.01.04.89-LS046,Lighting Tower Storm SSK6,G8766, $-   ,true
Lighting Towers,6041.01.04.89-LS047,Lighting Tower Storm SSK6,G8767, $-   ,true
Skidsteer Loaders,6041.01.04.30-LD001,Loader Skidsteer Toyota ,G3128," $75,000.00 ",#N/A
Skidsteer Loaders,6041.01.04.30-LD007,Loader Skidsteer Bobcat ,G3129," $75,000.00 ",true
Skidsteer Loaders,6041.01.04.30-LD009,Loader Skidsteer Caterpillar ,G3131," $85,000.00 ",true
Skidsteer Loaders,#N/A,#N/A,G3132, $-   ,#N/A
Skidsteer Loaders,6041.01.04.30-LD011,Loader Skidsteer Caterpillar ,G3133," $85,000.00 ",true
Skidsteer Loaders,6041.01.04.30-LD012,Loader Skidsteer Bobcat ,G3134," $85,000.00 ",true
Skidsteer Loaders,6041.01.04.30-LD014,Loader Skidsteer Bobcat ,G3135," $85,000.00 ",#N/A
Forklifts,6041.01.04.40-FO001,Forklift Hyster 32T ,G9047," $300,000.00 ",true
Forklifts,6041.01.04.40-FO002,Forklift Komatsu FD40 ,G9051," $80,000.00 ",true
Forklifts,6041.01.04.40-FO003,Forklift Toyota 2.5T ,G9055," $40,000.00 ",#N/A
Forklifts,6041.01.04.40-FO006,Forklift Komatsu Tyre Handler ,G9058," $250,000.00 ",#N/A
Forklifts,6041.01.04.40-FO015,Forklift Caterpillar Diesel ,G9067," $60,000.00 ",true
Forklifts,6041.01.04.40-FO016,Forklift Caterpillar Tyre Handler ,G9068," $80,000.00 ",true
Forklifts,6041.01.04.40-FO017,Forklift Yale ,G9069," $60,000.00 ",#N/A
Forklifts,6041.01.04.40-FO019,Forklift Caterpillar Diesel ,G9073," $80,000.00 ",true
Forklifts,6041.01.04.40-FO022,Forklift Hyster 4.5T Diesel ,G9074," $80,000.00 ",true
Forklifts,6041.01.04.40-FO028,Forklift Konecrane 37T Diesel ,G9075," $180,000.00 ",true
Forklifts,6041.01.04.40-FO029,Forklift Toyota 10T Diesel ,G9076," $120,000.00 ",true
Forklifts,6041.01.04.40-FO034,Forklift Diesel CAT 3.0T ,G9077," $60,000.00 ",true
Forklifts,6041.01.04.40-FO030,Forklift Electric 1.4T ,G9078," $30,000.00 ",true
Forklifts,6041.01.04.40-FO032,Forklift Electric Pallet ,G9079," $7,000.00 ",true
Forklifts,6041.01.04.40-FO033,Forklift Electric Stacker ,G9080," $40,000.00 ",true
Forklifts,6041.01.04.40-FO031,Forklift Diesel CAT 4.5T ,G9081," $80,000.00 ",#N/A
Forklifts,6041.01.04.40-FO035,Forklift Diesel Toyota 10.0T ,G9082," $120,000.00 ",true
Forklifts,6041.01.04.40-FO036,Forklift Diesel Toyota 4.5T ,G9083," $80,000.00 ",true
Forklifts,6041.01.04.40-FO037,Forklift Diesel Toyota 4.5T ,G9084," $80,000.00 ",true
Forklifts,6041.01.04.40-FO038,Forklift Diesel Toyota 1.8T ,G9085," $40,000.00 ",true
Forklifts,6041.01.04.40-FO039,Forklift Diesel Toyota 4.5T ,G9086," $80,000.00 ",true
Forklifts,6041.01.04.40-FO040,Forklift Diesel Toyota 3.0T ,G9087," $60,000.00 ",true
Forklifts,6041.01.04.40-FO042,Forklift Diesel Toyota 3.5T,G9089, $-   ,true
Forklifts,6041.01.04.40-FO043,Forklift Diesel Manitou,G9090, $-   ,true
EWP,6041.01.04.92-EL006,Lift Platform ,G9216," $120,000.00 ",#N/A
EWP,6041.01.04.92-EL008,Lift Platform JLG 800AJ ,G9218," $200,000.00 ",true
EWP,6041.01.04.92-EL009,Lift Platform JLG 600AJ ,G9219," $120,000.00 ",true
EWP,6041.01.04.92-EL010,Lift Platform JLG 600AJ ,G9220," $120,000.00 ",true
EWP,6041.01.04.92-EL011,Lift Platform Haulotte HA120 PX ,G9221," $120,000.00 ",true
EWP,6041.01.04.92-EL012,Lift Platform Monitor PB2210 ,G9222," $120,000.00 ",true
Diesel Welders,6041.01.04.86-WE005,Welder Lincoln Air Vantage 500 ,G9121," $65,000.00 ",true
Diesel Welders,6041.01.04.86-WE002,Welder Lincoln Air Vantage 500 ,G9122," $65,000.00 ",true
Diesel Welders,6041.01.04.86-WE003,Welder Lincoln Air Vantage 700 ,G9124," $65,000.00 ",true
Diesel Welders,6041.01.04.86-WE004,Welder Lincoln Air Vantage 700 ,G9125," $65,000.00 ",true
Diesel Welders,6041.01.04.86-WE006,Welder Diesel Miller 800X Duo ,G9126," $65,000.00 ",true
Diesel Welders,6041.01.04.86-WE007,Welder Diesel Miller 800X Duo ,G9127," $65,000.00 ",true
Diesel Welders,6041.01.04.86-WE008,Welder Diesel Shindaiwa DGW500DM ,G9128," $65,000.00 ",true
Diesel Welders,6041.01.04.86-WE009,Welder Diesel Shindaiwa DGW500DM ,G9129," $65,000.00 ",true
Smoko Units,6041.01.04.90-TR001,Trailer Mobile Smoko Room ,G9070," $100,000.00 ",true
Smoko Units,6041.01.04.90-TR002,Trailer Mobile Smoko Room ,G9071," $100,000.00 ",true
Smoko Units,6041.01.04.90-TR027,Trailer Mobile Smoko Room ,G9448," $100,000.00 ",true
Smoko Units,6041.01.04.90-TR062,Trailer Mobile Smoko Room ,G9482," $100,000.00 ",true
Smoko Units,6041.01.04.90-TR063,Trailer Mobile Smoko Room ,G9483," $100,000.00 ",true
Smoko Units,6041.01.04.90-TR046,Trailer Mobile Smoko Room ,G9590," $100,000.00 ",true
Smoko Units,6041.01.04.90-TR047,Trailer Mobile Smoko Room ,G9591," $100,000.00 ",true
Cranes,6041.01.04.91-CN001,Crane Mobile 160T Liebherr 4WD ,G9008," $1,200,000.00 ",true
Cranes,6041.01.04.91-CN002,Crane Mobile 20T Franna AT20 ,G9009," $600,000.00 ",true
Cranes,6041.01.04.91-CN003,Crane Mobile 20T Franna AT20 4501 ,G9010," $600,000.00 ",true
Cranes,6041.01.04.91-CN004,Crane Mobile 250T Liebherr,G9011, $-   ,true
Cranes,6041.01.04.91-CN005,Crane Mobile 3.0T Maeda MC 355,G9012, $-   ,true
Support - Auxillary Flat Bed,6041.01.04.70-TK003,Truck Mitsubishi Hiab ,G1302," $500,000.00 ",#N/A
Support - Auxillary Pipe & Pump Installation Truck,6041.01.04.70-TK025,Truck Western Star 6900XD Crane ,G1321," $250,000.00 ",true
Support - Auxillary Pipe & Pump Installation Truck,6041.01.04.70-TK030,Truck MAN TGS 33.440 6X6 ,G1327," $600,000.00 ",true
Support - Backhoe,6041.01.04.30-LD013,Backhoe Caterpillar 432F ,G1420," $200,000.00 ",true
Support - Backhoe,6041.01.04.30-LD015,Backhoe Caterpillar 432F ,G1423," $200,000.00 ",true
Support - Belly Plate Tool,6041.01.04.90-TR055,Trailer Belly Plate Removal Tool ,G9478," $45,000.00 ",true
Support - Emergency Vehicles,6041.01.04.70-TK018,Truck Mercedes-Benz Fire Tender ,G1287," $950,000.00 ",true
Support - Emergency Vehicles,6041.01.04.70-TK008,Truck Isuzu Fire Tender ,G1308," $600,000.00 ",true
Support - Emergency Vehicles,6041.01.04.35-LV003,Ambulance Toyota ,G1789," $285,000.00 ",true
Support - Emergency Vehicles,6041.01.04.35-LV004,Ambulance Toyota ,G1880," $285,000.00 ",true
Support - Emergency Vehicles,6041.01.04.35-LV005,Ambulance Toyota ,G1907," $285,000.00 ",true
Support - Float,6041.01.04.90-TR053,Trailer TRT Float ,G9474," $920,000.00 ",#N/A
Support - Mining Trucks,6042.10.04.75-TK001,Truck Haul Ejector 740B ,G6320," $1,500,000.00 ",true
Support - Mining Trucks,6042.10.04.75-TK002,Truck Haul Ejector 740C ,G6321," $1,500,000.00 ",true
Support - Service Carts,6041.01.04.70-TK024,Truck Western Star 6900XD Service ,G1320," $750,000.00 ",true
Support - Service Carts,6041.01.04.70-TK019,Truck Kenworth T659 Service ,G1326," $750,000.00 ",true
Support - Service Carts,6041.01.04.70-TK031,Truck CAT 745C Service ,G1328," $750,000.00 ",true
Support - Town Trucks,6041.01.04.70-TK020,Truck Isuzu Garbage Compactor ,G1207," $450,000.00 ",true
Support - Town Trucks,6041.01.04.70-TK005,Truck Fuso Hiab ,G1305," $500,000.00 ",true
Support - Town Trucks,6041.01.04.70-TK015,Truck Hino Tipper ,G1310," $250,000.00 ",true
Support - Town Trucks,6041.01.04.70-TK016,Truck Mitsubishi Fuso EWP ,G1311," $500,000.00 ",true
Support - Town Trucks,6041.01.04.70-TK022,Truck Isuzu FVR1000 Tipper ,G1314," $250,000.00 ",true
Support - Town Trucks,6041.01.04.70-TK023,Truck Isuzu FVR1000 Tipper ,G1315," $250,000.00 ",true
Support - Town Trucks,6041.01.04.94-SW004,Road Sweeper Schwarze Isuzu FSR ,G1317," $250,000.00 ",true
Support - Town Trucks,6041.01.04.70-TK028,Truck Kenworth Prime Mover ,G1322," $450,000.00 ",true
Support - Town Trucks,6041.01.04.70-TK029,Truck Kenworth Prime Mover ,G1323," $450,000.00 ",true
Support - Town Trucks,6041.01.04.70-TK026,Truck Mitsubishi FUSO Fighter ,G1324," $200,000.00 ",true
Support - Town Trucks,6041.01.04.70-TK027,Truck Isuzu FVR1000 Side Tipper ,G1325," $250,000.00 ",true
Support - Town Trucks,6041.01.04.70-TK032,Truck Isuzu NNR 45-150 Dual Cab ,G1329," $250,000.00 ",true
Support - Town Trucks,6041.01.04.70-TK033,Truck Isuzu NNR 45-150 Dual Cab ,G1330," $250,000.00 ",true
Support - Town Trucks,6041.01.04.70-TK034,Truck Isuzu NPS 45-155 Dual Cab ,G1331," $250,000.00 ",true
Support - Town Trucks,6041.01.04.70-TK035,Truck Isuzu NPS 45-155 Single Cab ,G1332," $250,000.00 ",true
Support - Town Trucks,6042.10.04.74-TK005,Truck Vacuum ,G1512," $320,000.00 ",true
Support - Town Trucks,6041.01.04.70-TK037,Truck Isuzu NPS 75-155 Dual Cab,G1318, $-   ,true
Support - Tractors,6041.01.04.94-TC009,Tractor Kubota M108S ,G1421," $120,000.00 ",true
Support - Tractors,6041.01.04.94-TC012,Tractor Kubota LA403,G1424, $-   ,#N/A
Support - Tractors,6041.01.04.94-TC013,Tractor Mower Kubota ZD,G1425, $-   ,#N/A
Support - Water Trucks,6041.01.04.70-TK021,Truck Kenworth T359A Water ,G1313," $600,000.00 ",#N/A
Support - Water Trucks,6041.01.04.70-TK036,Truck Isuzu FTS139 Potable Water ,G1316," $250,000.00 ",true
Support - Water Trucks,6042.10.04.74-TK004,Truck DAF Water Transportation ,G1511," $280,000.00 ",#N/A
Air Compressors,6041.01.04.87-CM006,Compressor Air Atlas Copco XAHS710 ,G7045," $65,000.00 ",true
Compactor,6041.01.04.94-DZ001,Compactor Caterpillar CS78B ,G1422," $350,000.00 ",true
Crusher,6041.01.04.94-CR001,Crusher Mobile McCloskey J50V2 ,GCR03, $-   ,true
Hoist,6041.01.01.06-HS001,Hoist 4T LV Hoist Bendpak ,G9230, $-   ,true
Hoist,6041.01.01.06-HS002,Hoist 12T LV Bendpak ,G9231, $-   ,true
Mowers,6041.01.04.94-TC002,Tractor Mower Toro 328D ,G9427," $10,000.00 ",#N/A
Mowers,6041.01.04.94-TC003,Tractor Mower Toro 328D ,G9428," $10,000.00 ",#N/A
Mowers,6041.01.04.94-TC007,Tractor Mower Toro 4WD ,G9430," $10,000.00 ",#N/A
Mowers,6041.01.04.94-TC010,Tractor Mower Toro 4WD ,G9713," $10,000.00 ",#N/A
Mowers,6041.01.04.94-TC011,Tractor Mower Toro 74274 ,G9714," $10,000.00 ",#N/A
Screen,6041.01.04.94-SN001,Screen Mobile McCloskey R155 ,GSC02, $-   ,true
Weed Sprayers,6041.01.04.94-PU001,Pump Weed Spraying Unit Quick Corp ,G9431," $4,000.00 ",true
Weed Sprayers,6041.01.04.94-PU002,Pump Weed Spraying Unit Quick Corp ,G9439," $4,000.00 ",true
Weed Sprayers,6041.01.04.94-PU003,Pump Weed Spraying Unit Quick Corp ,G9449," $4,000.00 ",true
Weed Sprayers,6041.01.04.94-PU004,Pump Weed Spraying Unit Honda ,G9451," $4,000.00 ",true
Weed Sprayers,6041.01.04.94-PU006,Pump Weed Spraying Unit Quick Corp ,G9455," $4,000.00 ",true
Weed Sprayers,6041.01.04.94-PU007,Pump Weed Spraying Unit Quick Corp ,G9496," $4,000.00 ",true
Weed Sprayers,6041.01.04.94-PU008,Pump Weed Spraying Unit Quick Corp ,G9497," $4,000.00 ",true
Pumps,6041.01.04.93-PU085,Pump Tru-Flo Pontoon 6RB-VC18 ,G9490, $-   ,#N/A
Pumps,6041.01.04.93-PU086,Pump Tru-Flo Pontoon 6RB-VC18 ,G9491, $-   ,#N/A
Pumps,6041.01.04.93-PU055,Pump Tru-Flo Pontoon Mounted ,G9556, $-   ,#N/A
Pumps,6041.01.04.93-PU056,Pump Tru-Flo Pontoon Mounted ,G9557, $-   ,#N/A
Pumps,6041.01.04.93-PU057,Pump Tru-Flo Pontoon Mounted ,G9558, $-   ,#N/A
Pumps,6041.01.04.93-PU060,Pump Starline Pontoon Mounted ,G9559, $-   ,#N/A
Pumps,6041.01.04.93-PU061,Pump Starline Pontoon Mounted ,G9560, $-   ,#N/A
Pumps,6041.01.04.93-PU070,Pump Tru-Flo Pontoon Mounted ,G9561, $-   ,#N/A
Pumps,6041.01.04.93-PU071,Pump Tru-Flo Pontoon Mounted ,G9562, $-   ,#N/A
Pumps,6041.01.04.93-PU096,Pump FLYGT Pontoon Mounted ,G9566, $-   ,#N/A
Pumps,6041.01.04.93-PU097,Pump FLYGT Pontoon Mounted ,G9567, $-   ,#N/A
Pumps,6041.01.04.93-PU098,Pump FLYGT Pontoon Mounted ,G9568, $-   ,#N/A
Pumps,6041.01.04.93-PU099,Pump FLYGT Pontoon Mounted ,G9569, $-   ,#N/A
Pumps,6041.01.04.93-PU106,Pump Diesel Skid Mounted ,G9576, $-   ,true
Pumps,6041.01.04.93-PU076,Pump Tru-Flo Pontoon Mounted ,G9580, $-   ,true
Pumps,6041.01.04.93-PU077,Pump Tru-Flo Pontoon Mounted ,G9581, $-   ,true
Pumps,6041.01.04.93-PU075,Pump Diesel Skid Mounted ,G9582, $-   ,true
Pumps,6041.01.04.93-PU078,Pump FLYGT Pontoon Mounted ,G9583, $-   ,#N/A
Pumps,6041.01.04.93-PU079,Pump FLYGT Pontoon Mounted ,G9584, $-   ,#N/A
Pumps,6041.01.04.93-PU080,Pump FLYGT Pontoon Mounted ,G9585, $-   ,#N/A
Pumps,6041.01.04.93-PU081,Pump FLYGT Pontoon Mounted ,G9586, $-   ,#N/A
Pumps,6041.01.04.93-PU082,Pump FLYGT Pontoon Mounted ,G9587, $-   ,#N/A
Pumps,6041.01.04.93-PU083,Pump Tru-Flo Pontoon 6RB-VC18 ,G9588, $-   ,#N/A
Pumps,6041.01.04.93-PU084,Pump Tru-Flo Pontoon 6RB-VC18 ,G9589, $-   ,#N/A
Pumps,6041.01.04.93-PU087,Pump Tru-Flo Pontoon 6RB-VC18 ,G9592, $-   ,#N/A
Pumps,6041.01.04.93-PU009,Pump Diesel ,G9845, $-   ,#N/A
Pumps,6041.01.04.93-PU010,Pump Diesel ,G9846, $-   ,true
Pumps,6041.01.04.93-PU049,Pump Diesel Skid Mounted ,G9847, $-   ,true
Pumps,6041.01.04.93-PU050,Pump Diesel Skid Mounted ,G9848, $-   ,#N/A
Pumps,6041.01.04.93-PU064,Pump Diesel Skid Mounted ,G9849, $-   ,true
Pumps,6041.01.04.93-PU065,Pump Diesel Tru-Flow TF300-20 ,G9850, $-   ,true
Pumps,6041.01.04.93-PU066,Pump Diesel Tru-Flow TF300-20 ,G9851, $-   ,true
Pumps,6041.01.04.93-PU067,Pump Diesel Tru-Flow TF300-20 ,G9852, $-   ,true
Pumps,6041.01.04.93-PU068,Pump Diesel Tru-Flow TF300-20 ,G9853, $-   ,true
Pumps,6041.01.04.93-PU069,Pump Diesel Tru-Flow TF300-20 ,G9854, $-   ,true
Pumps,6041.01.04.93-PU100,Pump Sterling Pontoon Mounted,G9855, $-   ,true
Pumps,6041.01.04.93-PU101,Pump Sterling Pontoon Mounted,G9856, $-   ,true
Pumps,6041.01.04.93-PU102,Pump Sterling Pontoon Mounted,G9857, $-   ,true
Pumps,6041.01.04.93-PU107,Pump Sterling Pontoon Mounted,G9858, $-   ,true
Pumps,6041.01.04.93-PU108,Pump Sterling Pontoon Mounted,G9859, $-   ,true
Pumps,6041.01.04.93-PU109,Pump Sterling Pontoon Mounted,G9860, $-   ,true
Pumps,6041.01.04.93-PU110,Pump Sterling Pontoon Mounted,G9871, $-   ,#N/A
Pumps,6041.01.04.93-PU111,Pump Sterling Pontoon Mounted,G9872, $-   ,#N/A
Pumps,6041.01.04.93-PU112,Pump Sterling Pontoon Mounted,G9873, $-   ,#N/A
Pumps,6041.01.04.93-PU113,Pump Sterling Pontoon Mounted,G9874, $-   ,#N/A
Pumps,6041.01.04.93-PU059,Pump Electric Submersible Flygt ,G9907, $-   ,#N/A
Pumps,6041.01.04.93-PU058,Pump Electric Submersible Flygt ,G9908, $-   ,#N/A
Pumps,6041.01.04.93-PU011,Pump Electric Submersible Flygt ,G9909, $-   ,#N/A
Pumps,6041.01.04.93-PU012,Pump Electric Submersible Flygt ,G9910, $-   ,#N/A
Pumps,6041.01.04.93-PU013,Pump Electric Submersible Flygt ,G9911, $-   ,#N/A
Pumps,6041.01.04.93-PU014,Pump Electric Submersible Flygt ,G9912, $-   ,#N/A
Pumps,6041.01.04.93-PU015,Pump Electric Submersible Flygt ,G9914, $-   ,#N/A
Pumps,6041.01.04.93-PU016,Pump Electric Submersible Flygt ,G9915, $-   ,#N/A
Pumps,6041.01.04.93-PU017,Pump Electric Submersible Flygt ,G9916, $-   ,#N/A
Pumps,6041.01.04.93-PU018,Pump Electric Submersible Flygt ,G9918, $-   ,#N/A
Pumps,6041.01.04.93-PU019,Pump Electric Submersible Flygt ,G9919, $-   ,#N/A
Pumps,6041.01.04.93-PU020,Pump Electric Submersible Flygt ,G9921, $-   ,#N/A
Pumps,6041.01.04.93-PU021,Pump Electric Submersible Flygt ,G9922, $-   ,#N/A
Pumps,6041.01.04.93-PU022,Pump Electric Submersible Flygt ,G9923, $-   ,#N/A
Pumps,6041.01.04.93-PU023,Pump Electric Submersible Flygt ,G9924, $-   ,#N/A
Pumps,6041.01.04.93-PU024,Pump Electric Submersible Flygt ,G9925, $-   ,#N/A
Pumps,6041.01.04.93-PU025,Pump Electric Submersible Flygt ,G9927, $-   ,#N/A
Pumps,6041.01.04.93-PU026,Pump Electric Submersible Flygt ,G9929, $-   ,#N/A
Pumps,6041.01.04.93-PU027,Pump Electric Submersible Flygt ,G9930, $-   ,#N/A
Pumps,6041.01.04.93-PU029,Pump Electric Submersible Flygt ,G9932, $-   ,#N/A
Pumps,6041.01.04.93-PU030,Pump Electric Submersible Flygt ,G9933, $-   ,#N/A
Pumps,6041.01.04.93-PU031,Pump Electric Submersible Flygt ,G9934, $-   ,#N/A
Pumps,6041.01.04.93-PU032,Pump Electric Submersible Flygt ,G9935, $-   ,#N/A
Pumps,6041.01.04.93-PU033,Pump Electric Submersible Flygt ,G9936, $-   ,#N/A
Pumps,6041.01.04.93-PU034,Pump Electric Submersible Flygt ,G9937, $-   ,#N/A
Pumps,6041.01.04.93-PU035,Pump Electric Submersible Flygt ,G9938, $-   ,#N/A
Pumps,6041.01.04.93-PU036,Pump Electric Submersible Flygt ,G9939, $-   ,#N/A
Pumps,6041.01.04.93-PU037,Pump Electric Submersible Flygt ,G9940, $-   ,#N/A
Pumps,6041.01.04.93-PU040,Pump Electric Submersible Flygt ,G9943, $-   ,#N/A
Pumps,6041.01.04.93-PU041,Pump Submersible ,G9944, $-   ,#N/A
Pumps,6041.01.04.93-PU042,Pump Submersible ,G9945, $-   ,#N/A
Pumps,6041.01.04.93-PU043,Pump Submersible ,G9946, $-   ,#N/A
Pumps,6041.01.04.93-PU044,Pump Submersible ,G9947, $-   ,#N/A
Pumps,6041.01.04.93-PU045,Pump Submersible ,G9948, $-   ,#N/A
Pumps,6041.01.04.93-PU046,Pump Submersible ,G9949, $-   ,#N/A
Pumps,6041.01.04.93-PU047,Pump Submersible ,G9950, $-   ,#N/A
Pumps,6041.01.04.93-PU048,Pump Submersible ,G9951, $-   ,#N/A
Pumps,6041.01.04.93-PU051,Pump Dewatering Pontoon Mounted ,G9952, $-   ,#N/A
Pumps,6041.01.04.93-PU052,Pump Dewatering Pontoon Mounted ,G9953, $-   ,#N/A
Pumps,6041.01.04.93-PU053,Pump Dewatering Pontoon Mounted ,G9954, $-   ,#N/A
Pumps,6041.01.04.93-PU054,Pump Dewatering Pontoon Mounted ,G9955, $-   ,#N/A
Pumps,6041.01.04.93-PU088,Pump FLYGT Pontoon Mounted ,G9995, $-   ,#N/A
Pumps,6041.01.04.93-PU089,Pump FLYGT Pontoon Mounted ,G9996, $-   ,#N/A
Pumps,6041.01.04.93-PU090,Pump FLYGT Pontoon Mounted ,G9997, $-   ,#N/A
Pumps,6041.01.04.93-PU091,Pump FLYGT Pontoon Mounted ,G9998, $-   ,#N/A
Pumps,6041.01.04.93-PU092,Pump FLYGT Pontoon Mounted ,G9999, $-   ,#N/A
777G Haul Trucks,6042.10.04.72-TK030,Truck Haul Caterpillar 777G,G2742, $-   ,true
777G Haul Trucks,6042.10.04.72-TK031,Truck Haul Caterpillar 777G,G2743, $-   ,true
777G Haul Trucks,6042.10.04.72-TK032,Truck Haul Caterpillar 777G,G2744, $-   ,true
777G Haul Trucks,6042.10.04.72-TK033,Truck Haul Caterpillar 777G,G2745, $-   ,true
REPLACED BUT IN SERVICE,6044.10.01.01-TK007,Truck Kenworth T909 Prime Mover ,G2568," $850,000.00 ",#N/A
REPLACED BUT IN SERVICE,6044.10.01.01-TK008,Truck Kenworth C509 Prime Mover ,G2569," $850,000.00 ",#N/A
REPLACED BUT IN SERVICE,6042.10.02.21-EX002,Excavator Caterpillar 320DL ,G3511," $300,000.00 ",#N/A
REPLACED BUT IN SERVICE,6042.10.03.31-LD009,Loader Caterpillar 980K ,G3024," $3,000,000.00 ",true
REPLACED BUT IN SERVICE,6042.10.01.11-DR004,Drill Caterpillar 336DL2 Montabert ,G8027," $800,000.00 ",true